<?xml version="1.0" encoding="UTF-8"?>
<polls>
    <poll id="1" active="false">
        <question>Dlaczego wybrać najnowszą wersję Zend Framework 3?</question>
        <answers>
            <answer votes="0">abc</answer>
        </answers>
    </poll>
    <poll id="2" active="true">
        <question>Which IDE editor is the best?</question>
        <answers>
            <answer votes="0">Netbeans</answer>
            <answer votes="0">Eclipse</answer>
            <answer votes="0">Komodo</answer>
            <answer votes="0">PhpStorm</answer>
            <answer votes="0">Sublime Text</answer>
        </answers>
    </poll>
</polls>
