<?xml version="1.0" encoding="UTF-8"?>
<project-private xmlns="http://www.netbeans.org/ns/project-private/1">
    <editor-bookmarks xmlns="http://www.netbeans.org/ns/editor-bookmarks/2" lastBookmarkId="0"/>
    <open-files xmlns="http://www.netbeans.org/ns/projectui-open-files/2">
        <group>
            <file>file:/E:/RZECZY_ADAMA/_XAMPP/xampp-5.6/htdocs/zend3_master_english/module/Application/src/Form/UserRegisterForm.php</file>
            <file>file:/E:/RZECZY_ADAMA/_XAMPP/xampp-5.6/htdocs/zend3_master_english/module/Application/src/Controller/RegisterController.php</file>
        </group>
    </open-files>
</project-private>
